postcode,lsoa,centroid_lat,centroid_lon
OX1 1AY,Oxford 008A,51.751715,-1.262087
OX1 1BN,Oxford 008B,51.747804,-1.255852
OX1 1BP,Oxford 008A,51.750945,-1.25779
OX1 1BU,Oxford 008A,51.751258,-1.257528
OX1 1DA,Oxford 008A,51.750646,-1.257197
OX1 1ET,Oxford 008A,51.751939,-1.25837
OX1 1EW,Oxford 008B,51.747504,-1.258346
OX1 1HH,Oxford 008A,51.752909,-1.264468
OX1 1JP,Oxford 008B,51.751942,-1.267689
OX1 1LD,Oxford 008A,51.750712,-1.262094
OX1 1LG,Oxford 008A,51.751779,-1.260487
OX1 1LT,Oxford 008A,51.751688,-1.260325
OX1 1NJ,Oxford 008B,51.750951,-1.265469
OX1 1NN,Oxford 009B,51.751025,-1.270303
OX1 1NS,Oxford 008A,51.752619,-1.26393
OX1 1PU,Oxford 008A,51.750822,-1.259709
OX1 1QE,Oxford 008A,51.750436,-1.25995
OX1 1QL,Oxford 008B,51.749675,-1.259663
OX1 1QT,Oxford 008B,51.749753,-1.25928
OX1 1QW,Oxford 008B,51.749522,-1.257756
OX1 1RA,Oxford 008B,51.749624,-1.256958
OX1 1TN,Oxford 012C,51.747448,-1.262291
OX1 1TQ,Oxford 012C,51.747012,-1.26189
OX1 1TT,Oxford 008B,51.748037,-1.259535
OX1 1TU,Oxford 012C,51.746626,-1.263095
OX1 1TX,Oxford 012C,51.747336,-1.263671
OX1 1TY,Oxford 012C,51.747676,-1.26371
OX1 1UA,Oxford 008B,51.748506,-1.259975
OX1 2BN,Oxford 008A,51.754205,-1.260825
OX1 2BX,Oxford 008A,51.754405,-1.262984
OX1 2BY,Oxford 008A,51.754488,-1.260696
OX1 2EP,Oxford 009D,51.753569,-1.265375
OX1 2ER,Oxford 008A,51.757518,-1.262827
OX1 2ET,Oxford 009D,51.753432,-1.26686
OX1 2EZ,Oxford 009D,51.754081,-1.266337
OX1 2HD,Oxford 009D,51.756011,-1.263456
OX1 2HG,Oxford 008A,51.756954,-1.263199
OX1 2HP,Oxford 008G,51.758629,-1.262052
OX1 2HQ,Oxford 009D,51.757615,-1.263681
OX1 2HU,Oxford 008G,51.758154,-1.263175
OX1 2HY,Oxford 008A,51.757911,-1.261898
OX1 2JF,Oxford 008A,51.757123,-1.262476
OX1 2JG,Oxford 009D,51.757332,-1.265497
OX1 2JJ,Oxford 009D,51.757169,-1.264152
OX1 2JL,Oxford 009D,51.756802,-1.266286
OX1 2JN,Oxford 009D,51.7566,-1.264063
OX1 2JP,Oxford 009D,51.758027,-1.264066
OX1 2JQ,Oxford 009C,51.757944,-1.264964
OX1 2JW,Oxford 009D,51.756653,-1.265122
OX1 2LA,Oxford 008A,51.756528,-1.2618
OX1 2LD,Oxford 008A,51.756983,-1.261502
OX1 2LE,Oxford 008A,51.75586,-1.260885
OX1 2LG,Oxford 008A,51.755469,-1.261119
OX1 2LH,Oxford 008A,51.756325,-1.262079
OX1 2LL,Oxford 008A,51.755391,-1.262222
OX1 2LQ,Oxford 008A,51.755728,-1.261825
OX1 2LW,Oxford 008A,51.754744,-1.260811
OX1 2NA,Oxford 008A,51.754843,-1.261419
OX1 2NP,Oxford 008A,51.754806,-1.26226
OX1 2NR,Oxford 008A,51.75509,-1.262147
OX1 2PG,Oxford 008A,51.755162,-1.260933
OX1 2RB,Oxford 009D,51.755006,-1.26817
OX1 2RE,Oxford 009D,51.755337,-1.269576
OX1 2RQ,Oxford 009D,51.755891,-1.269907
OX1 2RR,Oxford 008A,51.753262,-1.259805
OX1 3AE,Oxford 008A,51.754844,-1.25936
OX1 3AG,Oxford 008A,51.754014,-1.25832
OX1 3AJ,Oxford 008A,51.754077,-1.257982
OX1 3AN,Oxford 008A,51.758483,-1.254426
OX1 3AS,Oxford 008A,51.754046,-1.25732
OX1 3BD,Oxford 008A,51.754889,-1.254126
OX1 3DH,Oxford 008A,51.753997,-1.256719
OX1 3DQ,Oxford 008A,51.753016,-1.256194
OX1 3EF,Oxford 008A,51.752866,-1.257354
OX1 3EX,Oxford 008A,51.752767,-1.257962
OX1 3EY,Oxford 008A,51.75385,-1.25864
OX1 3HL,Oxford 008A,51.752711,-1.257704
OX1 3JP,Oxford 008A,51.758506,-1.259712
OX1 3JS,Oxford 008A,51.757737,-1.259487
OX1 3LB,Oxford 008A,51.758891,-1.259565
OX1 3LD,Oxford 008A,51.758494,-1.261021
OX1 3LE,Oxford 008A,51.759088,-1.259629
OX1 3LJ,Oxford 008A,51.758453,-1.26095
OX1 3LN,Oxford 008A,51.757991,-1.260739
OX1 3LU,Oxford 008A,51.757037,-1.260336
OX1 3LW,Oxford 008A,51.75732,-1.260417
OX1 3ND,Oxford 008A,51.75861,-1.261043
OX1 3PD,Oxford 008A,51.757881,-1.256664
OX1 3PH,Oxford 008F,51.760419,-1.259195
OX1 3PP,Oxford 008A,51.758767,-1.255067
OX1 3PX,Oxford 008A,51.757593,-1.257823
OX1 3QA,Oxford 008A,51.757772,-1.258032
OX1 3QF,Oxford 008A,51.758159,-1.258381
OX1 3QS,Oxford 008A,51.757723,-1.256629
OX1 3SA,Oxford 008A,51.754855,-1.24928
OX1 3SB,Oxford 008A,51.755137,-1.25239
OX1 3SD,Oxford 008A,51.754985,-1.252984
OX1 3SE,Oxford 008A,51.754644,-1.249335
OX1 3SU,Oxford 008A,51.754679,-1.252787
OX1 3SX,Oxford 008A,51.754351,-1.248831
OX1 3SZ,Oxford 008A,51.757143,-1.251355
OX1 3TA,Oxford 008A,51.757075,-1.252159
OX1 3TB,Oxford 008A,51.755854,-1.251286
OX1 3TD,Oxford 008A,51.755351,-1.251562
OX1 3TF,Oxford 008A,51.757033,-1.253583
OX1 3TG,Oxford 008A,51.757963,-1.254104
OX1 3TN,Oxford 008A,51.755829,-1.248735
OX1 3TZ,Oxford 008A,51.756437,-1.252579
OX1 3UB,Oxford 008A,51.758064,-1.253721
OX1 3UN,Oxford 008A,51.756097,-1.245866
OX1 3UP,Oxford 008A,51.75626,-1.246389
OX1 3UW,Oxford 008A,51.756106,-1.246323
OX1 4AS,Oxford 008A,51.752546,-1.248837
OX1 4BA,Oxford 008A,51.752044,-1.248179
OX1 4BE,Oxford 008A,51.752124,-1.249325
OX1 4BG,Oxford 008A,51.752338,-1.249595
OX1 4BT,Oxford 008A,51.752194,-1.255212
OX1 4BX,Oxford 008A,51.752093,-1.25551
OX1 4BZ,Oxford 008A,51.752172,-1.255357
OX1 4DB,Oxford 008A,51.752206,-1.257165
OX1 4DF,Oxford 008A,51.752062,-1.25564
OX1 4DH,Oxford 008B,51.751991,-1.256575
OX1 4DN,Oxford 008B,51.75193,-1.257232
OX1 4DS,Oxford 008B,51.75187,-1.257368
OX1 4DT,Oxford 008A,51.751932,-1.248289
OX1 4DX,Oxford 008A,51.750846,-1.249506
OX1 4EE,Oxford 008B,51.751424,-1.256416
OX1 4EH,Oxford 008A,51.751681,-1.255436
OX1 4ES,Oxford 008A,51.752254,-1.253215
OX1 4HT,Oxford 008A,51.751926,-1.255907
OX1 4JE,Oxford 008B,51.751611,-1.249556
OX1 4LB,Oxford 012D,51.746059,-1.256585
OX1 4LD,Oxford 012D,51.745393,-1.255468
OX1 4LQ,Oxford 012D,51.745569,-1.257135
OX1 4LW,Oxford 012C,51.745165,-1.258986
OX1 4NY,Oxford 012D,51.743718,-1.258129
OX1 4PD,Oxford 012D,51.74385,-1.256247
OX1 4PG,Oxford 012D,51.74288,-1.256906
OX1 4QB,Oxford 012A,51.74102,-1.255731
OX1 4RA,Oxford 012A,51.739145,-1.253432
OX1 4RB,Oxford 012A,51.73859,-1.254917
OX1 4RE,Oxford 012A,51.738544,-1.254139
OX1 4RF,Oxford 012A,51.738514,-1.253899
OX1 4RG,Oxford 012A,51.738496,-1.25588
OX1 4RJ,Oxford 012A,51.739164,-1.255283
OX1 4RP,Oxford 012A,51.739207,-1.256355
OX1 4RQ,Oxford 012A,51.738462,-1.256677
OX1 4RR,Oxford 012A,51.740029,-1.255367
OX1 4SP,Oxford 012A,51.737619,-1.2523
OX1 4SS,Oxford 012A,51.73815,-1.252952
OX1 4ST,Oxford 012A,51.736993,-1.255239
OX1 4SU,Oxford 012A,51.736811,-1.25553
OX1 4SX,Oxford 012A,51.73665,-1.25458
OX1 4SY,Oxford 012A,51.736264,-1.254853
OX1 4SZ,Oxford 012B,51.736815,-1.253504
OX1 4TA,Oxford 012B,51.737298,-1.252244
OX1 4TB,Oxford 012B,51.736037,-1.25332
OX1 4TD,Oxford 012B,51.736114,-1.252203
OX1 4TE,Oxford 012B,51.735217,-1.251143
OX1 4TG,Oxford 012B,51.73544,-1.251815
OX1 4TH,Oxford 012B,51.735306,-1.250449
OX1 4TJ,Oxford 012B,51.734698,-1.250077
OX1 4TL,Oxford 012B,51.734735,-1.251562
OX1 4TN,Oxford 012B,51.734617,-1.252626
OX1 4TQ,Oxford 012B,51.734696,-1.250736
OX1 4TR,Oxford 012B,51.734883,-1.252913
OX1 4TS,Oxford 012B,51.735099,-1.253635
OX1 4TW,Oxford 012B,51.733308,-1.251358
OX1 4UR,Oxford 012B,51.734729,-1.247137
OX1 4US,Oxford 012B,51.734331,-1.248097
OX1 4UT,Oxford 012B,51.733547,-1.248354
OX1 4UU,Oxford 012B,51.734639,-1.247845
OX1 4UX,Oxford 012B,51.735211,-1.246571
OX1 4UY,Oxford 012B,51.734802,-1.249742
OX1 4UZ,Oxford 012B,51.735135,-1.249288
OX1 4XA,Oxford 012B,51.732957,-1.248418
OX1 4XB,Oxford 012B,51.733661,-1.247713
OX1 4XD,Oxford 012B,51.732802,-1.248901
OX1 4XF,Oxford 012B,51.732614,-1.249432
OX1 4XG,Oxford 012B,51.731314,-1.250794
OX1 4XH,Oxford 012B,51.73245,-1.2499
OX1 4XQ,Oxford 012B,51.732156,-1.250087
OX1 5AS,,51.734516,-1.262156
OX1 5AZ,,51.733203,-1.263153
OX1 5BP,,51.73307,-1.262995
OX1 5BU,,51.720755,-1.267957
OX1 5HP,,51.711797,-1.311602
OX1 5LH,,51.719091,-1.246199
OX1 5NZ,,51.724823,-1.249994
OX1 5PG,,51.718253,-1.2436
OX1 5QJ,,51.715984,-1.243724
OX1 5QU,,51.712724,-1.241888
OX1 5RX,,51.711301,-1.24662
OX1 5RZ,,51.711499,-1.246355
OX1 9SA,Oxford 008A,51.751332,-1.257881
OX2 0AA,Oxford 009B,51.752436,-1.270985
OX2 0AB,Oxford 009B,51.752714,-1.271463
OX2 0AD,Oxford 009D,51.752991,-1.272111
OX2 0AE,Oxford 009B,51.752976,-1.271671
OX2 0AH,Oxford 009B,51.754471,-1.271382
OX2 0AJ,Oxford 009B,51.750728,-1.270638
OX2 0AL,Oxford 009B,51.750667,-1.270948
OX2 0BD,Oxford 009B,51.752165,-1.273895
OX2 0BE,Oxford 009B,51.75037,-1.272733
OX2 0BH,Oxford 009B,51.750544,-1.274837
OX2 0BJ,Oxford 009A,51.75075,-1.274886
OX2 0BP,Oxford 009A,51.752234,-1.277618
OX2 0BS,Oxford 009A,51.75221,-1.278154
OX2 0BX,Oxford 009A,51.752579,-1.277921
OX2 0BY,Oxford 009A,51.751382,-1.276415
OX2 0DE,Oxford 009A,51.753833,-1.278286
OX2 0DG,Oxford 009A,51.753641,-1.277701
OX2 0ES,Oxford 009B,51.748997,-1.274211
OX2 0EX,Oxford 009A,51.753756,-1.279696
OX2 0EZ,Oxford 009A,51.752255,-1.279891
OX2 0FN,,51.751897,-1.297174
OX2 0HF,Oxford 009A,51.75153,-1.286585
OX2 0HH,Oxford 009A,51.75311,-1.28052
OX2 0HP,Oxford 009A,51.753731,-1.288677
OX2 0JB,,51.752888,-1.291249
OX2 0JH,Oxford 009A,51.753518,-1.29298
OX2 0JR,,51.752944,-1.293612
OX2 0LD,Oxford 009A,51.750918,-1.282595
OX2 0LF,Oxford 009A,51.752323,-1.28092
OX2 0LP,,51.748912,-1.293959
OX2 0LR,,51.747275,-1.291343
OX2 0LU,,51.751063,-1.291524
OX2 0LW,,51.75051,-1.295767
OX2 0LX,,51.750432,-1.291536
OX2 0LY,,51.74922,-1.289936
OX2 0NA,,51.745289,-1.283042
OX2 0QD,,51.752319,-1.29576
OX2 6AD,Oxford 009C,51.759352,-1.26546
OX2 6AE,Oxford 009C,51.760376,-1.266728
OX2 6AG,Oxford 009C,51.760769,-1.267398
OX2 6AH,Oxford 008G,51.75947,-1.264777
OX2 6AJ,Oxford 008G,51.760879,-1.266811
OX2 6AP,Oxford 009C,51.758005,-1.26857
OX2 6AT,Oxford 009C,51.758212,-1.26743
OX2 6AU,Oxford 009C,51.757615,-1.268671
OX2 6AX,Oxford 009D,51.757123,-1.26971
OX2 6AY,Oxford 009C,51.757094,-1.266778
OX2 6AZ,Oxford 009C,51.758355,-1.268167
OX2 6BB,Oxford 009C,51.75765,-1.267432
OX2 6BD,Oxford 009D,51.756882,-1.268908
OX2 6BE,Oxford 009D,51.757147,-1.26869
OX2 6BG,Oxford 009D,51.757564,-1.269512
OX2 6BH,Oxford 009C,51.758906,-1.270105
OX2 6BL,Oxford 009D,51.758352,-1.270192
OX2 6BN,Oxford 009C,51.759315,-1.267737
OX2 6BP,Oxford 009C,51.758911,-1.267827
OX2 6BQ,Oxford 009D,51.757272,-1.268594
OX2 6BS,Oxford 009D,51.757999,-1.269055
OX2 6BT,Oxford 009C,51.75856,-1.269747
OX2 6BU,Oxford 009C,51.760169,-1.26652
OX2 6BY,Oxford 009C,51.759576,-1.26837
OX2 6DD,Oxford 009C,51.759407,-1.268282
OX2 6DF,Oxford 009C,51.759851,-1.266766
OX2 6DG,Oxford 009C,51.759396,-1.268063
OX2 6DJ,Oxford 009C,51.760329,-1.270035
OX2 6DQ,Oxford 009C,51.759802,-1.269403
OX2 6DS,Oxford 009C,51.759881,-1.268293
OX2 6EA,Oxford 008G,51.761384,-1.268267
OX2 6EB,Oxford 008G,51.761679,-1.267785
OX2 6ED,Oxford 008G,51.762314,-1.27031
OX2 6EF,Oxford 003A,51.76252,-1.268849
OX2 6EG,Oxford 008G,51.76238,-1.2683
OX2 6EH,Oxford 008G,51.762177,-1.266099
OX2 6EL,Oxford 008G,51.761442,-1.26696
OX2 6EN,Oxford 008G,51.761863,-1.265096
OX2 6EP,Oxford 008G,51.761512,-1.264954
OX2 6EQ,Oxford 008G,51.761216,-1.271236
OX2 6EU,Oxford 008G,51.762376,-1.265913
OX2 6EW,Oxford 008G,51.761697,-1.264008
OX2 6GE,Oxford 008G,51.761789,-1.270531
OX2 6GF,Oxford 008G,51.761635,-1.269727
OX2 6HA,Oxford 008G,51.759302,-1.26125
OX2 6HJ,Oxford 008G,51.762113,-1.263265
OX2 6HL,Oxford 008F,51.763705,-1.264559
OX2 6HP,Oxford 003E,51.765753,-1.264623
OX2 6HR,Oxford 008F,51.763628,-1.263617
OX2 6HT,Oxford 008G,51.761213,-1.261816
OX2 6HY,Oxford 008F,51.763339,-1.267485
OX2 6JB,Oxford 008F,51.762383,-1.266234
OX2 6JD,Oxford 008G,51.762391,-1.267957
OX2 6JE,Oxford 008F,51.762989,-1.265022
OX2 6JG,Oxford 008G,51.762262,-1.267595
OX2 6JP,Oxford 008F,51.765581,-1.260637
OX2 6JT,Oxford 003E,51.767328,-1.261172
OX2 6LA,Oxford 003E,51.770125,-1.264062
OX2 6LF,Oxford 003E,51.765752,-1.26151
OX2 6LU,Oxford 003E,51.765609,-1.262067
OX2 6LX,Oxford 008F,51.76464,-1.261976
OX2 6LY,Oxford 008F,51.764113,-1.263215
OX2 6NA,Oxford 008F,51.763683,-1.262596
OX2 6NN,Oxford 008F,51.759511,-1.26054
OX2 6PA,Oxford 008F,51.763347,-1.260168
OX2 6PE,Oxford 008F,51.764216,-1.261096
OX2 6PF,Oxford 008F,51.763648,-1.261074
OX2 6PN,Oxford 008F,51.764489,-1.260313
OX2 6PR,Oxford 008F,51.764669,-1.260226
OX2 6PS,Oxford 008F,51.763367,-1.256554
OX2 6QB,Oxford 008F,51.763081,-1.259238
OX2 6QD,Oxford 008F,51.763797,-1.256686
OX2 6QE,Oxford 008F,51.765102,-1.255212
OX2 6QH,Oxford 008F,51.766205,-1.255341
OX2 6QJ,Oxford 008F,51.764944,-1.256933
OX2 6QL,Oxford 008F,51.764253,-1.257603
OX2 6QN,Oxford 008F,51.763355,-1.25913
OX2 6QP,Oxford 008F,51.765248,-1.258598
OX2 6QS,Oxford 008F,51.76356,-1.260288
OX2 6QT,Oxford 003A,51.76601,-1.271297
OX2 6QW,Oxford 008F,51.763454,-1.259603
OX2 6RA,Oxford 003A,51.762546,-1.269515
OX2 6RJ,Oxford 003A,51.766203,-1.269153
OX2 6RL,Oxford 003C,51.767025,-1.268765
OX2 6RN,Oxford 003C,51.766128,-1.268656
OX2 6RS,Oxford 003A,51.765577,-1.266621
OX2 6RT,Oxford 003A,51.766281,-1.266614
OX2 6RU,Oxford 003C,51.76627,-1.268635
OX2 6RX,Oxford 003C,51.766789,-1.267959
OX2 6SE,Oxford 008F,51.765725,-1.259021
OX2 6SF,Oxford 008F,51.766023,-1.257419
OX2 6SH,Oxford 008F,51.766232,-1.259039
OX2 6SJ,Oxford 008F,51.766607,-1.257672
OX2 6SL,Oxford 008F,51.766955,-1.258231
OX2 6SN,Oxford 008F,51.766669,-1.259346
OX2 6SP,Oxford 003E,51.767524,-1.258598
OX2 6SQ,Oxford 008F,51.764291,-1.255742
OX2 6ST,Oxford 003E,51.769803,-1.254293
OX2 6SU,Oxford 003E,51.767933,-1.259247
OX2 6SY,Oxford 003E,51.769925,-1.255796
OX2 6TF,Oxford 003C,51.771951,-1.272048
OX2 6TN,Oxford 003C,51.767781,-1.268722
OX2 6TP,Oxford 003C,51.767875,-1.269601
OX2 6TT,Oxford 003C,51.767673,-1.269038
OX2 6TW,Oxford 003C,51.76745,-1.2682
OX2 6UE,Oxford 003E,51.768355,-1.26473
OX2 6UG,Oxford 003E,51.769573,-1.260589
OX2 6UL,Oxford 003E,51.77095,-1.257212
OX2 6UP,Oxford 003E,51.769142,-1.25932
OX2 6UR,Oxford 003E,51.771483,-1.260216
OX2 6UT,Oxford 003E,51.769224,-1.257606
OX2 6UU,Oxford 003E,51.770813,-1.258152
OX2 6UW,Oxford 003E,51.768773,-1.260071
OX2 6UX,Oxford 003E,51.773004,-1.25696
OX2 6UY,Oxford 003E,51.771209,-1.257862
OX2 6UZ,Oxford 003E,51.772464,-1.260419
OX2 7AE,Oxford 003C,51.774058,-1.26785
OX2 7AQ,Oxford 003C,51.772273,-1.271003
OX2 7AX,Oxford 003E,51.773506,-1.266023
OX2 7BD,Oxford 002D,51.775873,-1.26652
OX2 7BY,Oxford 003E,51.776646,-1.264268
OX2 7DX,Oxford 002C,51.777687,-1.264388
OX2 7HN,Oxford 002C,51.778354,-1.265748
OX2 7JF,Oxford 002C,51.7793,-1.265993
OX2 7JL,Oxford 002D,51.778473,-1.267003
OX2 7JT,Oxford 002D,51.780018,-1.267163
OX2 7JY,Oxford 002F,51.781567,-1.267897
OX2 7LB,Oxford 002F,51.783087,-1.269793
OX2 7LE,Oxford 002F,51.781358,-1.2695
OX2 7LG,Oxford 002F,51.779759,-1.268697
OX2 7LH,Oxford 002D,51.778507,-1.267489
OX2 7LZ,Oxford 003C,51.767719,-1.266076
OX2 7NA,Oxford 003C,51.768599,-1.266204
OX2 7ND,Oxford 003C,51.768289,-1.265284
OX2 7NQ,Oxford 003C,51.774009,-1.266864
OX2 7NR,Oxford 002F,51.78161,-1.271586
OX2 7NS,Oxford 001C,51.783235,-1.274045
OX2 7NW,Oxford 002D,51.777668,-1.269943
OX2 7NX,Oxford 001C,51.782601,-1.274249
OX2 7PJ,Oxford 002D,51.778898,-1.270303
OX2 7PL,Oxford 002F,51.784103,-1.26894
OX2 7PP,Oxford 002F,51.782156,-1.26678
OX2 7QD,Oxford 002C,51.782086,-1.264733
OX2 7QG,Oxford 002F,51.782856,-1.262964
OX2 7QJ,Oxford 002F,51.784055,-1.262195
OX2 7RG,Oxford 002G,51.78765,-1.269926
OX2 7SF,Oxford 002G,51.784903,-1.260473
OX2 7SW,Oxford 002F,51.784596,-1.260652
OX2 7SX,Oxford 002G,51.786408,-1.260984
OX2 7SY,Oxford 002G,51.786708,-1.260744
OX2 7TF,Oxford 002G,51.786515,-1.263751
OX2 7TH,Oxford 002G,51.78541,-1.265561
OX2 7TQ,Oxford 002G,51.785314,-1.266307
OX2 7TY,Oxford 002D,51.778714,-1.27029
OX2 8AA,Oxford 001C,51.784871,-1.278036
OX2 8AB,Oxford 001C,51.785709,-1.283927
OX2 8AE,Oxford 001C,51.785443,-1.277605
OX2 8AF,Oxford 001C,51.786898,-1.278721
OX2 8AP,Oxford 001C,51.78558,-1.280437
OX2 8AR,Oxford 001C,51.786447,-1.280658
OX2 8AX,Oxford 001B,51.782381,-1.279504
OX2 8BD,Oxford 001C,51.784182,-1.283093
OX2 8BT,Oxford 001C,51.78671,-1.27112
OX2 8BU,Oxford 001C,51.785255,-1.274654
OX2 8BX,Oxford 001C,51.786475,-1.273338
OX2 8BY,Oxford 001C,51.785771,-1.275806
OX2 8BZ,Oxford 001C,51.784634,-1.275746
OX2 8DE,Oxford 001B,51.783085,-1.281422
OX2 8DG,Oxford 001C,51.781996,-1.275
OX2 8DR,Oxford 001A,51.793327,-1.271285
OX2 8DS,Oxford 001A,51.787974,-1.271151
OX2 8DT,Oxford 001A,51.787761,-1.277968
OX2 8DX,Oxford 001A,51.789018,-1.275117
OX2 8DY,Oxford 001A,51.786916,-1.274666
OX2 8DZ,Oxford 001A,51.787168,-1.273981
OX2 8EA,Oxford 001A,51.787165,-1.277619
OX2 8EB,Oxford 001A,51.788018,-1.27268
OX2 8EG,Oxford 001A,51.792059,-1.271628
OX2 8EN,Oxford 001A,51.789414,-1.270439
OX2 8EP,Oxford 001D,51.788711,-1.267999
OX2 8EQ,Oxford 001A,51.792722,-1.271345
OX2 8FF,Oxford 001B,51.783913,-1.293488
OX2 8FH,Oxford 001B,51.782798,-1.281895
OX2 8FS,Oxford 001B,51.785332,-1.293958
OX2 8FT,Oxford 001B,51.78587,-1.294061
OX2 8FU,Oxford 001B,51.786033,-1.293478
OX2 8FW,Oxford 001B,51.786081,-1.294637
OX2 8JW,Oxford 001A,51.789462,-1.281279
OX2 8LR,Oxford 001D,51.790702,-1.267575
OX2 8LS,Oxford 001D,51.79089,-1.266115
OX2 8PE,Oxford 001B,51.783905,-1.289357
OX2 8PG,Oxford 001B,51.783626,-1.293508
OX2 8PH,Oxford 001B,51.781337,-1.297608
OX2 8QL,,51.777693,-1.311075
OX2 9AB,,51.748898,-1.299661
OX2 9AP,,51.747065,-1.291929
OX2 9BH,,51.747754,-1.316296
OX2 9BL,,51.745557,-1.316476
OX2 9BN,,51.74754,-1.316557
OX2 9BP,,51.750265,-1.307363
OX2 9BS,,51.74951,-1.307501
OX2 9BT,,51.746783,-1.316843
OX2 9BU,,51.74955,-1.30875
OX2 9BW,,51.745898,-1.31423
OX2 9BX,,51.750053,-1.309841
OX2 9BY,,51.749647,-1.31704
OX2 9BZ,,51.749284,-1.306487
OX2 9DA,,51.74807,-1.309614
OX2 9DB,,51.746481,-1.316598
OX2 9DD,,51.749175,-1.310546
OX2 9DG,,51.748333,-1.311741
OX2 9DJ,,51.74753,-1.309998
OX2 9DN,,51.74773,-1.31508
OX2 9DR,,51.751196,-1.307601
OX2 9DW,,51.751145,-1.306863
OX2 9DY,,51.746844,-1.296211
OX2 9EG,,51.743623,-1.295293
OX2 9EN,,51.743666,-1.295245
OX2 9EU,,51.749509,-1.302049
OX2 9EY,,51.746089,-1.307506
OX2 9FG,,51.745388,-1.310622
OX2 9FN,,51.743245,-1.304938
OX2 9GZ,,51.743442,-1.309156
OX2 9HA,,51.749723,-1.303029
OX2 9HB,,51.746897,-1.307939
OX2 9HE,,51.745547,-1.302199
OX2 9HF,,51.745396,-1.302514
OX2 9HG,,51.746068,-1.304304
OX2 9HH,,51.745353,-1.303256
OX2 9HR,,51.740934,-1.306821
OX2 9HS,,51.740452,-1.313297
OX2 9HT,,51.739239,-1.315403
OX2 9HU,,51.742654,-1.310852
OX2 9HX,,51.7449,-1.308767
OX2 9HY,,51.739799,-1.314033
OX2 9HZ,,51.742278,-1.308673
OX2 9JA,,51.740499,-1.311663
OX2 9JB,,51.74547,-1.307764
OX2 9JD,,51.743533,-1.301034
OX2 9JH,,51.740579,-1.308731
OX2 9JJ,,51.742316,-1.315433
OX2 9JL,,51.746053,-1.311526
OX2 9JP,,51.740725,-1.308283
OX2 9JQ,,51.739448,-1.310055
OX2 9JR,,51.742151,-1.309819
OX2 9JT,,51.751996,-1.298521
OX2 9JY,,51.750742,-1.299248
OX2 9LA,,51.752769,-1.299397
OX2 9LB,,51.752076,-1.299036
OX2 9LD,,51.751725,-1.301348
OX2 9LN,,51.751998,-1.302747
OX2 9NF,,51.749752,-1.318416
OX2 9PD,,51.73383,-1.328753
OX2 9PG,,51.73466,-1.3255
OX2 9PH,,51.737889,-1.315334
OX2 9PJ,,51.735324,-1.320422
OX2 9PQ,,51.734519,-1.33002
OX2 9PR,,51.737689,-1.314688
OX2 9PS,,51.735484,-1.325453
OX2 9PT,,51.73733,-1.319548
OX2 9PU,,51.736846,-1.326693
OX2 9PX,,51.739567,-1.322642
OX2 9QA,,51.733582,-1.329995
OX2 9QB,,51.731982,-1.329385
OX2 9QW,,51.7305,-1.329462
OX2 9RD,,51.742912,-1.305305
OX2 9RF,,51.737462,-1.315901
OX2 9RG,,51.73463,-1.321286
OX2 9RN,,51.752962,-1.306642
OX2 9RQ,,51.736629,-1.316778
OX2 9RW,,51.736914,-1.315358
OX2 9RX,,51.735325,-1.314489
OX2 9RY,,51.752497,-1.306308
OX2 9SA,,51.750144,-1.313128
OX2 9SB,,51.751617,-1.310216
OX2 9SD,,51.752939,-1.307062
OX2 9SE,,51.750701,-1.311926
OX2 9SF,,51.751268,-1.312531
OX2 9SG,,51.750927,-1.311011
OX2 9SH,,51.751637,-1.308837
OX2 9SJ,,51.751596,-1.307151
OX2 9SN,,51.752338,-1.30899
OX2 9SQ,,51.752375,-1.310721
OX2 9SW,,51.75294,-1.308271
OX2 9TB,,51.753354,-1.298808
OX2 9XD,,51.745872,-1.309019
OX3 0AB,Oxford 006F,51.764896,-1.225364
OX3 0AD,Oxford 006F,51.765889,-1.226068
OX3 0AE,Oxford 006E,51.768217,-1.227534
OX3 0AF,Oxford 006E,51.766845,-1.231505
OX3 0AG,Oxford 006F,51.766079,-1.224127
OX3 0AH,Oxford 006E,51.76754,-1.224067
OX3 0AJ,Oxford 006F,51.765839,-1.227467
OX3 0AL,Oxford 006F,51.766473,-1.225752
OX3 0AN,Oxford 006E,51.766614,-1.228881
OX3 0AP,Oxford 006E,51.767448,-1.228098
OX3 0AQ,Oxford 006E,51.767482,-1.224531
OX3 0AR,Oxford 006E,51.768007,-1.227312
OX3 0AS,Oxford 006E,51.767986,-1.22478
OX3 0AT,Oxford 006E,51.767791,-1.230533
OX3 0AU,Oxford 006E,51.768276,-1.229246
OX3 0AW,Oxford 006E,51.766973,-1.225494
OX3 0AX,Oxford 006E,51.768436,-1.225093
OX3 0AY,Oxford 006E,51.768955,-1.227202
OX3 0AZ,Oxford 006E,51.768658,-1.229637
OX3 0BA,Oxford 006E,51.768447,-1.230012
OX3 0BL,Oxford 006F,51.756367,-1.223965
OX3 0BS,Oxford 010D,51.755256,-1.226481
OX3 0BU,Oxford 006F,51.758493,-1.227821
OX3 0DB,Oxford 006F,51.762127,-1.227506
OX3 0DG,Oxford 004D,51.760477,-1.232717
OX3 0DH,Oxford 004D,51.760372,-1.234378
OX3 0DL,Oxford 006F,51.762999,-1.2336
OX3 0DP,Oxford 006F,51.763461,-1.232327
OX3 0DQ,Oxford 004D,51.760324,-1.233784
OX3 0DS,Oxford 006F,51.760765,-1.229397
OX3 0DU,Oxford 006F,51.760452,-1.23094
OX3 0DW,Oxford 006F,51.762951,-1.228101
OX3 0DZ,Oxford 004D,51.763233,-1.237457
OX3 0EJ,Oxford 004D,51.759185,-1.235518
OX3 0EL,Oxford 004D,51.759371,-1.235625
OX3 0EN,Oxford 004D,51.759529,-1.236137
OX3 0EP,Oxford 004D,51.763357,-1.235761
OX3 0ES,Oxford 004D,51.759437,-1.235051
OX3 0ET,Oxford 004D,51.75926,-1.236738
OX3 0EU,Oxford 004D,51.759955,-1.237817
OX3 0EW,Oxford 004D,51.761914,-1.236162
OX3 0EX,Oxford 004D,51.761533,-1.240915
OX3 0EY,Oxford 004D,51.761436,-1.241472
OX3 0EZ,Oxford 004C,51.762581,-1.240431
OX3 0FG,Oxford 006F,51.761851,-1.230352
OX3 0HB,Oxford 004C,51.762887,-1.240227
OX3 0HD,Oxford 004D,51.760217,-1.236597
OX3 0HE,Oxford 004C,51.760479,-1.237474
OX3 0HF,Oxford 004D,51.761838,-1.240906
OX3 0HL,Oxford 004D,51.760668,-1.237128
OX3 0HN,Oxford 004D,51.762034,-1.238876
OX3 0HP,Oxford 004C,51.762704,-1.236629
OX3 0HW,Oxford 004D,51.761985,-1.236232
OX3 0HX,Oxford 004C,51.764254,-1.238449
OX3 0HY,Oxford 004D,51.763028,-1.239295
OX3 0HZ,Oxford 004D,51.762193,-1.237918
OX3 0JA,Oxford 006F,51.763747,-1.234776
OX3 0JB,Oxford 006E,51.764438,-1.234327
OX3 0JD,Oxford 006E,51.765002,-1.233962
OX3 0JE,Oxford 006E,51.765875,-1.233
OX3 0JF,Oxford 004D,51.763997,-1.235396
OX3 0JG,Oxford 004C,51.765769,-1.234142
OX3 0JH,Oxford 006E,51.763833,-1.23396
OX3 0JJ,Oxford 006E,51.766459,-1.232203
OX3 0JL,Oxford 006E,51.766731,-1.232
OX3 0JN,Oxford 006F,51.764748,-1.233601
OX3 0JP,Oxford 004C,51.76637,-1.234057
OX3 0JQ,Oxford 004C,51.767518,-1.232355
OX3 0JR,Oxford 004C,51.766044,-1.234922
OX3 0JS,Oxford 004C,51.766762,-1.23477
OX3 0JT,Oxford 004B,51.767472,-1.236343
OX3 0JU,Oxford 004B,51.76778,-1.235518
OX3 0JW,Oxford 006F,51.764346,-1.233122
OX3 0JX,Oxford 004C,51.764457,-1.235344
OX3 0JY,Oxford 004C,51.764494,-1.236564
OX3 0JZ,Oxford 004C,51.76496,-1.237418
OX3 0LA,Oxford 004C,51.76555,-1.236238
OX3 0LB,Oxford 004C,51.765825,-1.235736
OX3 0LE,Oxford 004C,51.764789,-1.237528
OX3 0LF,Oxford 004C,51.764847,-1.236138
OX3 0LG,Oxford 004C,51.764142,-1.235915
OX3 0LH,Oxford 004C,51.766369,-1.236783
OX3 0LP,Oxford 006E,51.767394,-1.230546
OX3 0LQ,Oxford 006F,51.761549,-1.232956
OX3 0LR,Oxford 006E,51.766833,-1.229945
OX3 0LS,Oxford 006E,51.766222,-1.228959
OX3 0LT,Oxford 006E,51.767077,-1.231242
OX3 0LU,Oxford 006F,51.766591,-1.230348
OX3 0LX,Oxford 006F,51.765515,-1.228586
OX3 0LY,Oxford 006E,51.767918,-1.231483
OX3 0LZ,Oxford 004C,51.768663,-1.232798
OX3 0NA,Oxford 004B,51.77054,-1.235963
OX3 0NB,Oxford 004C,51.767888,-1.232671
OX3 0ND,Oxford 004B,51.770268,-1.236558
OX3 0NE,Oxford 004B,51.768968,-1.235007
OX3 0NF,Oxford 006E,51.768811,-1.230876
OX3 0NG,Oxford 004C,51.769153,-1.230681
OX3 0NH,Oxford 004B,51.769117,-1.231508
OX3 0NJ,Oxford 004B,51.770217,-1.231072
OX3 0NL,Oxford 004B,51.770607,-1.23339
OX3 0NN,Oxford 004B,51.769901,-1.231164
OX3 0NP,Oxford 004B,51.77082,-1.229729
OX3 0NQ,Oxford 004B,51.770925,-1.23
OX3 0NR,Oxford 004B,51.77048,-1.231432
OX3 0NS,Oxford 004B,51.77103,-1.232198
OX3 0NT,Oxford 004B,51.771157,-1.233174
OX3 0NU,Oxford 004B,51.771312,-1.233063
OX3 0NW,Oxford 004B,51.770251,-1.233414
OX3 0NX,Oxford 004B,51.771378,-1.232021
OX3 0NZ,Oxford 004A,51.777307,-1.236568
OX3 0PH,Oxford 004B,51.772353,-1.236334
OX3 0PQ,Oxford 004A,51.774722,-1.237532
OX3 0PR,Oxford 004A,51.775853,-1.235961
OX3 0PT,Oxford 004A,51.776055,-1.236764
OX3 0PW,Oxford 004B,51.771776,-1.235164
OX3 0PX,Oxford 004A,51.776962,-1.23807
OX3 0PY,Oxford 004A,51.77647,-1.23896
OX3 0QB,Oxford 004A,51.778393,-1.240535
OX3 0QH,Oxford 004A,51.778494,-1.239906
OX3 0QP,Oxford 004A,51.777624,-1.238989
OX3 0QS,Oxford 004A,51.777746,-1.238468
OX3 0RA,Oxford 004B,51.77008,-1.236765
OX3 0RB,Oxford 004B,51.767743,-1.23647
OX3 0RG,Oxford 004B,51.769349,-1.236917
OX3 0RQ,Oxford 004B,51.769475,-1.236535
OX3 0SN,Oxford 004B,51.7684,-1.239253
OX3 0SX,Oxford 004B,51.768526,-1.236134
OX3 7AA,Oxford 006D,51.759045,-1.213948
OX3 7AB,Oxford 006B,51.756489,-1.213123
OX3 7AD,Oxford 006C,51.753466,-1.21238
OX3 7AE,Oxford 006B,51.757768,-1.214019
OX3 7AF,Oxford 006C,51.753498,-1.212818
OX3 7AH,Oxford 006C,51.755765,-1.208602
OX3 7AJ,Oxford 006B,51.75909,-1.212985
OX3 7AL,Oxford 006C,51.755905,-1.212074
OX3 7AN,Oxford 006C,51.75611,-1.210668
OX3 7AP,Oxford 006C,51.756716,-1.211744
OX3 7AQ,Oxford 006B,51.755829,-1.21244
OX3 7AR,Oxford 006C,51.75658,-1.211224
OX3 7AS,Oxford 006C,51.757284,-1.211901
OX3 7AT,Oxford 006B,51.758064,-1.212373
OX3 7AU,Oxford 006C,51.755934,-1.213609
OX3 7AW,Oxford 006C,51.756868,-1.210883
OX3 7AX,Oxford 006B,51.75692,-1.214226
OX3 7BD,Oxford 006C,51.755092,-1.212331
OX3 7BG,Oxford 006B,51.757379,-1.211037
OX3 7BH,Oxford 006B,51.759399,-1.211647
OX3 7BJ,Oxford 006B,51.757502,-1.211562
OX3 7BL,Oxford 006B,51.759952,-1.210496
OX3 7BP,Oxford 006B,51.758233,-1.209313
OX3 7BQ,Oxford 006C,51.756984,-1.209468
OX3 7BT,Oxford 006C,51.756362,-1.20792
OX3 7BU,Oxford 006B,51.759648,-1.210873
OX3 7BW,Oxford 006B,51.759673,-1.210386
OX3 7BX,Oxford 006B,51.759312,-1.210728
OX3 7BZ,Oxford 006C,51.756782,-1.208703
OX3 7DA,Oxford 006B,51.757767,-1.206834
OX3 7DB,Oxford 006B,51.75732,-1.206609
OX3 7DH,Oxford 006B,51.757507,-1.208313
OX3 7DN,Oxford 006C,51.755288,-1.207121
OX3 7DW,Oxford 006B,51.753914,-1.206157
OX3 7EE,Oxford 020A,51.744882,-1.205224
OX3 7EF,Oxford 020A,51.744946,-1.206057
OX3 7EG,Oxford 020A,51.746989,-1.206656
OX3 7EH,Oxford 020A,51.74704,-1.20572
OX3 7EJ,Oxford 020A,51.747141,-1.206247
OX3 7EL,Oxford 020A,51.744547,-1.207139
OX3 7EN,Oxford 020A,51.745843,-1.20749
OX3 7EP,Oxford 020A,51.744141,-1.208065
OX3 7EQ,Oxford 020A,51.747162,-1.207079
OX3 7ER,Oxford 020A,51.746058,-1.208653
OX3 7ES,Oxford 020A,51.744277,-1.207248
OX3 7ET,Oxford 020A,51.745659,-1.204534
OX3 7EU,Oxford 020A,51.74524,-1.205126
OX3 7EW,Oxford 020A,51.743378,-1.206736
OX3 7EX,Oxford 020A,51.745124,-1.206618
OX3 7EY,Oxford 020A,51.744528,-1.207763
OX3 7EZ,Oxford 020A,51.74533,-1.208484
OX3 7HL,Oxford 020B,51.745057,-1.202152
OX3 7HN,Oxford 020A,51.748113,-1.203997
OX3 7HP,Oxford 010C,51.750779,-1.205541
OX3 7HR,Oxford 010A,51.751465,-1.205805
OX3 7HS,Oxford 020A,51.749475,-1.206189
OX3 7HT,Oxford 020B,51.745928,-1.20369
OX3 7HU,Oxford 020B,51.744117,-1.203105
OX3 7HW,Oxford 020A,51.748895,-1.204558
OX3 7HX,Oxford 020A,51.746788,-1.20425
OX3 7HY,Oxford 020A,51.748415,-1.205642
OX3 7HZ,Oxford 020A,51.74633,-1.204517
OX3 7JA,Oxford 020A,51.748567,-1.205059
OX3 7JB,Oxford 020B,51.746744,-1.203955
OX3 7JD,Oxford 020A,51.743103,-1.202952
OX3 7JE,Oxford 020B,51.744251,-1.201845
OX3 7JN,Oxford 020B,51.74047,-1.198007
OX3 7JY,Oxford 010D,51.7531,-1.220106
OX3 7JZ,Oxford 010A,51.753746,-1.217269
OX3 7LA,Oxford 006C,51.753553,-1.213126
OX3 7LB,Oxford 006C,51.75348,-1.211873
OX3 7LL,Oxford 010A,51.753017,-1.210468
OX3 7LP,Oxford 010A,51.753031,-1.207381
OX3 7LR,Oxford 010D,51.754949,-1.216998
OX3 7LS,Oxford 006C,51.756052,-1.216118
OX3 7LT,Oxford 006C,51.754022,-1.21468
OX3 7LU,Oxford 006C,51.755831,-1.214419
OX3 7LW,Oxford 010A,51.752972,-1.209435
OX3 7LX,Oxford 006C,51.753879,-1.2135
OX3 7LZ,Oxford 010A,51.751267,-1.209115
OX3 7NA,Oxford 010A,51.751575,-1.210222
OX3 7NL,Oxford 010A,51.751561,-1.208112
OX3 7NN,Oxford 010A,51.75171,-1.209422
OX3 7NP,Oxford 010A,51.752075,-1.211578
OX3 7NW,Oxford 010A,51.752229,-1.208637
OX3 7NX,Oxford 010D,51.753994,-1.217993
OX3 7PA,Oxford 006B,51.757397,-1.219041
OX3 7PD,Oxford 006B,51.758838,-1.214472
OX3 7PF,Oxford 006C,51.75617,-1.21529
OX3 7PG,Oxford 006C,51.75619,-1.214606
OX3 7PJ,Oxford 006B,51.756038,-1.21669
OX3 7PL,Oxford 010D,51.756854,-1.220583
OX3 7PN,Oxford 010D,51.755824,-1.218411
OX3 7PP,Oxford 010D,51.753566,-1.218114
OX3 7PR,Oxford 010D,51.757167,-1.2196
OX3 7PS,Oxford 010D,51.756296,-1.222599
OX3 7PT,Oxford 010D,51.75602,-1.222761
OX3 7PU,Oxford 010D,51.753182,-1.220479
OX3 7PW,Oxford 010D,51.753671,-1.218761
OX3 7PX,Oxford 006C,51.757485,-1.216315
OX3 7PY,Oxford 010D,51.753461,-1.220367
OX3 7PZ,Oxford 010D,51.753404,-1.219919
OX3 7QA,Oxford 010D,51.754919,-1.221161
OX3 7QB,Oxford 010D,51.756067,-1.221669
OX3 7QD,Oxford 010D,51.755156,-1.219447
OX3 7QE,Oxford 010D,51.755194,-1.219796
OX3 7QF,Oxford 010D,51.755789,-1.220994
OX3 7RD,Oxford 006D,51.75977,-1.214481
OX3 7RE,Oxford 006D,51.759017,-1.216802
OX3 7RF,Oxford 006D,51.759121,-1.215224
OX3 7RG,Oxford 006A,51.758857,-1.217303
OX3 7RJ,Oxford 006A,51.760231,-1.219084
OX3 7RL,Oxford 006A,51.762114,-1.220863
OX3 7RN,Oxford 006A,51.762093,-1.220174
OX3 7RQ,Oxford 006D,51.759414,-1.218268
OX3 7RR,Oxford 006D,51.759688,-1.217972
OX3 7RT,Oxford 006D,51.759738,-1.216719
OX3 7RU,Oxford 006A,51.759105,-1.221101
OX3 7RW,Oxford 006A,51.762307,-1.220378
OX3 7RX,Oxford 006A,51.759285,-1.221993
OX3 7RY,Oxford 006A,51.759258,-1.219974
OX3 7RZ,Oxford 006A,51.760512,-1.224761
OX3 7SA,Oxford 006A,51.758716,-1.223236
OX3 7SB,Oxford 006A,51.760373,-1.223976
OX3 7SE,Oxford 020B,51.741571,-1.198138
OX3 7SN,Oxford 006A,51.758666,-1.218601
OX3 7SP,Oxford 006A,51.757775,-1.219581
OX3 7SR,Oxford 006F,51.765379,-1.227537
OX3 7SS,Oxford 006F,51.763915,-1.225199
OX3 7ST,Oxford 006A,51.759682,-1.2216
OX3 7SU,Oxford 006A,51.758342,-1.219266
OX3 7SY,Oxford 006F,51.764278,-1.226801
OX3 7SZ,Oxford 006A,51.761448,-1.223946
OX3 7TA,Oxford 006A,51.760232,-1.222847
OX3 7TH,Oxford 006A,51.761262,-1.222566
OX3 7TJ,Oxford 006A,51.759765,-1.220406
OX3 7TL,Oxford 006A,51.76292,-1.223659
OX3 7TN,Oxford 006A,51.763055,-1.225498
OX3 7TP,Oxford 006A,51.762519,-1.222182
OX3 7TQ,Oxford 006F,51.765573,-1.227052
OX3 7TR,Oxford 006A,51.763444,-1.224813
OX3 7TW,Oxford 006A,51.761555,-1.221209
OX3 7TX,Oxford 006D,51.759821,-1.21515
OX3 7XB,Oxford 010A,51.751532,-1.218461
OX3 7XD,Oxford 010A,51.751775,-1.217631
OX3 7XE,Oxford 010A,51.751813,-1.2186
OX3 7XF,Oxford 010D,51.751958,-1.218091
OX3 7XG,Oxford 010A,51.752765,-1.218073
OX3 7XH,Oxford 010A,51.752476,-1.217458
OX3 7XQ,Oxford 010A,51.752686,-1.218243
OX3 8AA,Oxford 007D,51.760066,-1.204693
OX3 8AB,Oxford 007D,51.759419,-1.207328
OX3 8AD,Oxford 007D,51.759409,-1.206017
OX3 8AE,Oxford 007D,51.759018,-1.20917
OX3 8AF,Oxford 007D,51.759065,-1.208601
OX3 8AG,Oxford 007D,51.759512,-1.207722
OX3 8AH,Oxford 007D,51.760063,-1.205915
OX3 8AJ,Oxford 007D,51.759174,-1.205584
OX3 8AL,Oxford 007D,51.758277,-1.204102
OX3 8AN,Oxford 007D,51.760594,-1.205089
OX3 8AP,Oxford 007E,51.76189,-1.197824
OX3 8AQ,Oxford 007D,51.75937,-1.208229
OX3 8AT,Oxford 007A,51.765427,-1.187942
OX3 8AU,Oxford 007E,51.761744,-1.20023
OX3 8AW,Oxford 007D,51.758878,-1.204706
OX3 8AX,Oxford 007D,51.760316,-1.203703
OX3 8AY,Oxford 007D,51.760386,-1.203242
OX3 8AZ,Oxford 007E,51.761212,-1.199489
OX3 8BA,Oxford 007E,51.760552,-1.197569
OX3 8BB,Oxford 007E,51.761624,-1.201393
OX3 8BD,Oxford 007E,51.761647,-1.20011
OX3 8BE,Oxford 007E,51.761721,-1.19931
OX3 8BG,Oxford 005B,51.767608,-1.190863
OX3 8BH,Oxford 007A,51.765872,-1.189108
OX3 8BJ,Oxford 007A,51.765282,-1.188654
OX3 8BL,Oxford 007A,51.764605,-1.189162
OX3 8BN,Oxford 007A,51.764483,-1.193321
OX3 8BP,Oxford 005B,51.766076,-1.190681
OX3 8BQ,Oxford 005B,51.768039,-1.191157
OX3 8BS,Oxford 007A,51.765036,-1.190304
OX3 8BT,Oxford 005B,51.765358,-1.190478
OX3 8BU,Oxford 007A,51.764097,-1.190543
OX3 8BW,Oxford 005B,51.765737,-1.190539
OX3 8BX,Oxford 007A,51.764976,-1.188475
OX3 8BZ,Oxford 005B,51.766769,-1.190605
OX3 8DA,Oxford 005B,51.76628,-1.190983
OX3 8DH,Oxford 007E,51.762097,-1.195807
OX3 8DJ,Oxford 007C,51.762361,-1.19383
OX3 8DN,Oxford 007C,51.762277,-1.192664
OX3 8DP,Oxford 007A,51.762558,-1.187774
OX3 8DR,Oxford 007C,51.759899,-1.193935
OX3 8DS,Oxford 007C,51.761588,-1.19294
OX3 8DT,Oxford 007C,51.760836,-1.193019
OX3 8DU,Oxford 007C,51.76116,-1.192498
OX3 8DW,Oxford 007C,51.76187,-1.190434
OX3 8DX,Oxford 007C,51.761501,-1.188977
OX3 8DY,Oxford 007A,51.762826,-1.18538
OX3 8DZ,Oxford 007A,51.765327,-1.18219
OX3 8EA,Oxford 007A,51.765931,-1.181178
OX3 8EB,Oxford 007A,51.765355,-1.183078
OX3 8ED,Oxford 007A,51.763816,-1.183545
OX3 8EE,Oxford 007A,51.765428,-1.184177
OX3 8EF,Oxford 007A,51.765129,-1.184639
OX3 8EG,Oxford 007A,51.763931,-1.18502
OX3 8EJ,Oxford 007A,51.765452,-1.186823
OX3 8EL,Oxford 007B,51.758364,-1.191902
OX3 8EN,Oxford 007A,51.763018,-1.184581
OX3 8EP,Oxford 007B,51.756167,-1.192635
OX3 8EQ,Oxford 007A,51.765116,-1.186639
OX3 8ER,Oxford 007B,51.756908,-1.192839
OX3 8ES,Oxford 007B,51.756895,-1.192287
OX3 8ET,Oxford 007B,51.757816,-1.192713
OX3 8EW,Oxford 007A,51.76314,-1.183225
OX3 8EX,Oxford 007B,51.758633,-1.193637
OX3 8EY,Oxford 007B,51.75782,-1.189888
OX3 8EZ,Oxford 007C,51.758976,-1.192823
OX3 8FE,Oxford 007A,51.765771,-1.180589
OX3 8FF,Oxford 007A,51.763549,-1.180614
OX3 8FL,Oxford 007A,51.763942,-1.181006
OX3 8FR,Oxford 007A,51.763889,-1.180533
OX3 8FS,Oxford 007B,51.754741,-1.19839
OX3 8FT,Oxford 007E,51.760968,-1.196493
OX3 8FU,Oxford 010C,51.74608,-1.201617
OX3 8FX,Oxford 007B,51.752862,-1.198597
OX3 8GG,,51.767322,-1.188233
OX3 8HA,Oxford 007B,51.758605,-1.191566
OX3 8HB,Oxford 007B,51.757849,-1.193117
OX3 8HE,Oxford 007B,51.757822,-1.190575
OX3 8HF,Oxford 007B,51.757903,-1.190038
OX3 8HG,Oxford 007B,51.756856,-1.188324
OX3 8HH,Oxford 007C,51.758033,-1.188576
OX3 8HJ,Oxford 007C,51.758299,-1.189348
OX3 8HL,Oxford 007C,51.760273,-1.191262
OX3 8HN,Oxford 007C,51.760467,-1.190921
OX3 8HP,Oxford 007C,51.759482,-1.191641
OX3 8HR,Oxford 007C,51.760791,-1.188158
OX3 8HS,Oxford 007C,51.760488,-1.192224
OX3 8HT,Oxford 007C,51.759663,-1.188566
OX3 8HU,Oxford 007C,51.759719,-1.189198
OX3 8HW,Oxford 007C,51.761501,-1.191626
OX3 8HX,Oxford 007C,51.761275,-1.190282
OX3 8HY,Oxford 007C,51.761144,-1.191353
OX3 8HZ,Oxford 007C,51.758006,-1.187535
OX3 8JA,Oxford 007C,51.759557,-1.186731
OX3 8JB,Oxford 007C,51.759544,-1.187299
OX3 8JD,Oxford 007B,51.756455,-1.190009
OX3 8JF,Oxford 007C,51.761514,-1.188008
OX3 8JG,Oxford 007C,51.761482,-1.186768
OX3 8JH,Oxford 007C,51.760425,-1.186912
OX3 8JJ,Oxford 007C,51.761317,-1.187994
OX3 8JN,Oxford 007E,51.759524,-1.197895
OX3 8JR,Oxford 007B,51.758512,-1.198971
OX3 8JS,Oxford 007E,51.758759,-1.200121
OX3 8JT,Oxford 007E,51.758701,-1.199904
OX3 8JU,Oxford 007E,51.75953,-1.199047
OX3 8JW,Oxford 007E,51.75945,-1.19654
OX3 8JX,Oxford 007E,51.760415,-1.196131
OX3 8JY,Oxford 007E,51.759762,-1.197803
OX3 8LA,Oxford 007E,51.760101,-1.195588
OX3 8LB,Oxford 007E,51.761423,-1.196754
OX3 8LD,Oxford 007E,51.761565,-1.195597
OX3 8LE,Oxford 007C,51.759604,-1.193967
OX3 8LF,Oxford 007C,51.761548,-1.193469
OX3 8LG,Oxford 007B,51.757612,-1.195953
OX3 8LH,Oxford 007B,51.75836,-1.197113
OX3 8LJ,Oxford 007E,51.760363,-1.200442
OX3 8LL,Oxford 007E,51.7615,-1.202155
OX3 8LP,Oxford 007E,51.760825,-1.198951
OX3 8LQ,Oxford 007B,51.758528,-1.196385
OX3 8LR,Oxford 007B,51.759639,-1.19811
OX3 8LS,Oxford 007E,51.761753,-1.201832
OX3 8LT,Oxford 007E,51.760026,-1.198735
OX3 8LW,Oxford 007E,51.761568,-1.202784
OX3 8LX,Oxford 007A,51.762649,-1.187099
OX3 8LY,Oxford 007A,51.764656,-1.187855
OX3 8LZ,Oxford 007A,51.76324,-1.187972
OX3 8NB,Oxford 006B,51.756785,-1.205272
OX3 8ND,Oxford 007D,51.755834,-1.201977
OX3 8NE,Oxford 006B,51.755229,-1.204005
OX3 8NF,Oxford 006B,51.755225,-1.206538
OX3 8NG,Oxford 006B,51.756317,-1.207038
OX3 8NJ,Oxford 007D,51.757609,-1.203168
OX3 8NL,Oxford 006B,51.755139,-1.204751
OX3 8NN,Oxford 006B,51.755205,-1.205225
OX3 8NP,Oxford 007D,51.756922,-1.204446
OX3 8NQ,Oxford 007D,51.757773,-1.200951
OX3 8NR,Oxford 006B,51.756895,-1.204967
OX3 8NS,Oxford 007B,51.754518,-1.201044
OX3 8NT,Oxford 007B,51.753556,-1.200069
OX3 8NU,Oxford 007B,51.756493,-1.200303
OX3 8NW,Oxford 007B,51.754208,-1.203416
OX3 8NX,Oxford 007B,51.757476,-1.199922
OX3 8NY,Oxford 007D,51.755198,-1.200599
OX3 8NZ,Oxford 007D,51.755471,-1.202423
OX3 8PA,Oxford 007D,51.756418,-1.200764
OX3 8PB,Oxford 007D,51.756577,-1.20143
OX3 8PD,Oxford 007D,51.756519,-1.20324
OX3 8PE,Oxford 007D,51.757454,-1.200681
OX3 8PF,Oxford 007B,51.75479,-1.2023
OX3 8PL,Oxford 007A,51.763429,-1.188564
OX3 8QS,Oxford 010C,51.748783,-1.203799
OX3 8RJ,Oxford 010B,51.75018,-1.19706
OX3 8SX,Oxford 007B,51.753547,-1.20193
OX3 8SY,Oxford 007B,51.753544,-1.201512
OX3 8SZ,Oxford 007B,51.75353,-1.197777
OX3 8TH,Oxford 007B,51.753556,-1.196667
OX3 8TP,Oxford 007E,51.761171,-1.199577
OX3 8TS,Oxford 010C,51.746711,-1.197189
OX3 8XA,,51.765972,-1.187785
OX3 8XD,Oxford 007A,51.764557,-1.187423
OX3 9AA,Oxford 006D,51.759773,-1.213132
OX3 9AB,Oxford 006D,51.760054,-1.212325
OX3 9AE,Oxford 006D,51.760246,-1.211902
OX3 9AF,Oxford 006D,51.760116,-1.211953
OX3 9AG,Oxford 006B,51.760156,-1.210633
OX3 9AH,Oxford 006D,51.760381,-1.211332
OX3 9AJ,Oxford 006B,51.759439,-1.212632
OX3 9AP,Oxford 006B,51.759672,-1.211891
OX3 9AQ,Oxford 006D,51.760353,-1.211451
OX3 9AW,Oxford 006B,51.759752,-1.211745
OX3 9AX,Oxford 006B,51.759808,-1.211335
OX3 9AY,Oxford 006D,51.760268,-1.212619
OX3 9AZ,Oxford 006B,51.760085,-1.210744
OX3 9BG,Oxford 005A,51.769552,-1.201128
OX3 9BH,Oxford 006D,51.759829,-1.21395
OX3 9BJ,Oxford 006D,51.760301,-1.213589
OX3 9BN,Oxford 006D,51.764088,-1.21399
OX3 9BS,Oxford 005A,51.769284,-1.200327
OX3 9BT,Oxford 006D,51.763038,-1.21459
OX3 9BU,Oxford 006D,51.763852,-1.211478
OX3 9BX,Oxford 006D,51.766484,-1.213532
OX3 9BY,Oxford 006D,51.766424,-1.216271
OX3 9DB,Oxford 005D,51.767499,-1.219278
OX3 9DD,Oxford 006E,51.767912,-1.222974
OX3 9DE,Oxford 006E,51.768052,-1.221728
OX3 9DG,Oxford 005D,51.768252,-1.220281
OX3 9DH,Oxford 006E,51.768913,-1.221446
OX3 9DJ,Oxford 005D,51.768868,-1.223108
OX3 9DL,Oxford 006D,51.764373,-1.211878
OX3 9DN,Oxford 006D,51.764396,-1.212796
OX3 9DP,Oxford 006D,51.76498,-1.211763
OX3 9DQ,Oxford 006E,51.768177,-1.221606
OX3 9DW,Oxford 006D,51.765367,-1.210323
OX3 9EB,Oxford 007D,51.760377,-1.209408
OX3 9ED,Oxford 007D,51.760469,-1.209142
OX3 9EE,Oxford 007D,51.761219,-1.20609
OX3 9EG,Oxford 007D,51.761679,-1.203881
OX3 9EH,Oxford 005C,51.762519,-1.201125
OX3 9EJ,Oxford 005C,51.762662,-1.199688
OX3 9EL,Oxford 005A,51.763041,-1.19772
OX3 9EN,Oxford 005C,51.762805,-1.201583
OX3 9EP,Oxford 005C,51.763878,-1.199996
OX3 9ER,Oxford 005C,51.763933,-1.199669
OX3 9ES,Oxford 005A,51.764909,-1.200444
OX3 9ET,Oxford 005A,51.764759,-1.197835
OX3 9EU,Oxford 005A,51.7651,-1.198438
OX3 9EW,Oxford 005C,51.762973,-1.20017
OX3 9EX,Oxford 005C,51.76622,-1.20246
OX3 9EZ,Oxford 005A,51.763931,-1.196245
OX3 9FN,Oxford 006B,51.759444,-1.212823
OX3 9FQ,Oxford 005C,51.771794,-1.216581
OX3 9FW,Oxford 005C,51.772014,-1.218673
OX3 9FY,Oxford 005C,51.771158,-1.217008
OX3 9FZ,Oxford 005C,51.77153,-1.216415
OX3 9GA,Oxford 005C,51.771402,-1.216945
OX3 9GB,Oxford 005C,51.771373,-1.216655
OX3 9GE,Oxford 005C,51.772141,-1.214776
OX3 9GF,Oxford 005C,51.771763,-1.214765
OX3 9GN,Oxford 005C,51.770852,-1.210778
OX3 9GP,Oxford 005C,51.769794,-1.208854
OX3 9GR,Oxford 005C,51.771626,-1.210088
OX3 9GS,Oxford 005C,51.771315,-1.209866
OX3 9GT,Oxford 005C,51.769509,-1.208966
OX3 9GW,Oxford 005C,51.769026,-1.209014
OX3 9GY,Oxford 005C,51.768036,-1.20982
OX3 9GZ,Oxford 005C,51.768844,-1.205837
OX3 9HA,Oxford 005A,51.764396,-1.196384
OX3 9HB,Oxford 005C,51.766363,-1.202257
OX3 9HD,Oxford 005C,51.763778,-1.20182
OX3 9HJ,Oxford 005A,51.763017,-1.198014
OX3 9HN,Oxford 006D,51.760912,-1.211696
OX3 9HP,Oxford 006D,51.76077,-1.210654
OX3 9HS,Oxford 006D,51.760917,-1.211112
OX3 9HT,Oxford 006D,51.764174,-1.210623
OX3 9HW,Oxford 006D,51.763792,-1.211181
OX3 9HZ,Oxford 006D,51.760365,-1.210859
OX3 9JA,Oxford 005C,51.761798,-1.205688
OX3 9JB,Oxford 005C,51.762547,-1.203106
OX3 9JD,Oxford 005C,51.765137,-1.203963
OX3 9JE,Oxford 005C,51.764856,-1.202705
OX3 9JF,Oxford 005C,51.76487,-1.204164
OX3 9JG,Oxford 005C,51.762878,-1.206124
OX3 9JH,Oxford 005C,51.763065,-1.206299
OX3 9JJ,Oxford 005C,51.76351,-1.207056
OX3 9JL,Oxford 005C,51.763533,-1.205155
OX3 9JN,Oxford 005C,51.763226,-1.205501
OX3 9JQ,Oxford 005C,51.76259,-1.205883
OX3 9JR,Oxford 005C,51.765532,-1.205957
OX3 9JS,Oxford 005C,51.765622,-1.20467
OX3 9JW,Oxford 005C,51.765044,-1.207694
OX3 9JY,Oxford 005C,51.764703,-1.202504
OX3 9LA,Oxford 005C,51.766477,-1.202701
OX3 9LB,Oxford 005A,51.768081,-1.203166
OX3 9LD,Oxford 005A,51.769884,-1.2044
OX3 9LE,Oxford 005C,51.766864,-1.201742
OX3 9LF,Oxford 005C,51.767899,-1.202532
OX3 9LG,Oxford 005A,51.768206,-1.20175
OX3 9LH,Oxford 005A,51.767044,-1.198922
OX3 9LJ,Oxford 005A,51.768979,-1.201087
OX3 9LL,Oxford 005A,51.767802,-1.198409
OX3 9LN,Oxford 005C,51.767669,-1.204924
OX3 9LP,Oxford 005A,51.767437,-1.199742
OX3 9LQ,Oxford 005A,51.766636,-1.197193
OX3 9LR,Oxford 005A,51.7673,-1.199013
OX3 9LT,Oxford 005A,51.767511,-1.197037
OX3 9LW,Oxford 005A,51.769046,-1.203453
OX3 9LX,Oxford 005A,51.76715,-1.196442
OX3 9LY,Oxford 005A,51.768,-1.195656
OX3 9LZ,Oxford 005A,51.767004,-1.195826
OX3 9NA,Oxford 005A,51.764947,-1.197624
OX3 9NB,Oxford 005A,51.766469,-1.196351
OX3 9ND,Oxford 005A,51.765447,-1.197974
OX3 9NE,Oxford 005B,51.764876,-1.194123
OX3 9NF,Oxford 005B,51.765116,-1.193848
OX3 9NG,Oxford 005B,51.765394,-1.193965
OX3 9NH,Oxford 005A,51.767835,-1.200373
OX3 9NJ,Oxford 005A,51.768404,-1.199567
OX3 9NL,Oxford 005A,51.768077,-1.198508
OX3 9NQ,Oxford 005A,51.768505,-1.203209
OX3 9NS,Oxford 005A,51.769642,-1.202286
OX3 9NW,Oxford 005A,51.768151,-1.196967
OX3 9NY,Oxford 005B,51.765862,-1.192198
OX3 9NZ,Oxford 005B,51.766211,-1.191986
OX3 9PA,Oxford 005B,51.768097,-1.191262
OX3 9PB,Oxford 005B,51.76477,-1.194203
OX3 9PD,Oxford 005B,51.766343,-1.19292
OX3 9PE,Oxford 005B,51.766041,-1.19521
OX3 9PF,Oxford 005B,51.766447,-1.194997
OX3 9PG,Oxford 005A,51.766806,-1.19504
OX3 9PH,Oxford 005B,51.767233,-1.194073
OX3 9PJ,Oxford 005B,51.767854,-1.193108
OX3 9PP,Oxford 005B,51.767628,-1.192308
OX3 9PQ,Oxford 005B,51.766899,-1.193152
OX3 9PR,Oxford 005A,51.765884,-1.198984
OX3 9PS,Oxford 005D,51.768713,-1.219505
OX3 9PY,Oxford 005D,51.768226,-1.219308
OX3 9PZ,Oxford 005D,51.768644,-1.220308
OX3 9QA,Oxford 005D,51.771083,-1.220713
OX3 9QB,Oxford 005D,51.770766,-1.22
OX3 9QD,Oxford 005D,51.770464,-1.219247
OX3 9QE,Oxford 005D,51.769905,-1.218573
OX3 9QF,Oxford 005D,51.768763,-1.218352
OX3 9QG,Oxford 005D,51.769187,-1.217162
OX3 9QH,Oxford 005D,51.769791,-1.218801
OX3 9QJ,Oxford 005D,51.770193,-1.219462
OX3 9QN,Oxford 005D,51.770575,-1.220272
OX3 9QP,Oxford 005D,51.771395,-1.222634
OX3 9QQ,Oxford 005D,51.769573,-1.218534
OX3 9QR,Oxford 005D,51.770918,-1.221647
OX3 9QW,Oxford 005D,51.771673,-1.222617
OX3 9QX,Oxford 006E,51.76859,-1.224089
OX3 9QY,Oxford 005D,51.770884,-1.222303
OX3 9RB,Oxford 005D,51.770779,-1.223256
OX3 9RD,Oxford 005D,51.770987,-1.224281
OX3 9RE,Oxford 005D,51.771206,-1.22321
OX3 9RF,Oxford 005D,51.770548,-1.226552
OX3 9RG,Oxford 005D,51.770983,-1.22592
OX3 9RH,Oxford 005D,51.771196,-1.226583
OX3 9RN,Oxford 005A,51.766078,-1.199388
OX3 9RQ,Oxford 005D,51.771061,-1.225425
OX3 9RS,Oxford 006D,51.763888,-1.209523
OX3 9SB,Oxford 005B,51.765682,-1.19329
OX3 9SF,Oxford 005C,51.769203,-1.206842
OX3 9SG,Oxford 005C,51.76761,-1.203232
OX3 9SH,Oxford 005C,51.768137,-1.204246
OX3 9SJ,Oxford 005C,51.766789,-1.203541
OX3 9SQ,Oxford 005C,51.766934,-1.204374
OX3 9UF,Oxford 005C,51.769933,-1.20546
OX3 9UZ,,51.793995,-1.176818
OX3 9WL,Oxford 005C,51.769315,-1.205047
OX33 1RP,,51.738624,-1.173269
OX33 1SD,,51.739228,-1.174763
OX4 1AB,Oxford 011D,51.750351,-1.242617
OX4 1AD,Oxford 011D,51.751014,-1.239719
OX4 1AG,Oxford 011D,51.750591,-1.240708
OX4 1AH,Oxford 011D,51.75104,-1.238772
OX4 1AR,Oxford 011D,51.750001,-1.242785
OX4 1AW,Oxford 011B,51.750722,-1.23877
OX4 1AY,Oxford 011D,51.751775,-1.240225
OX4 1BA,Oxford 011D,51.751947,-1.239121
OX4 1BD,Oxford 011B,51.751471,-1.238246
OX4 1BG,Oxford 011D,51.752326,-1.239239
OX4 1BH,Oxford 011D,51.752133,-1.239528
OX4 1BJ,Oxford 011D,51.752011,-1.238347
OX4 1BN,Oxford 011D,51.748786,-1.23924
OX4 1BP,Oxford 011F,51.745918,-1.236232
OX4 1BU,Oxford 011B,51.749728,-1.238867
OX4 1BW,Oxford 011B,51.749872,-1.23891
OX4 1BZ,Oxford 011B,51.75,-1.238049
OX4 1DA,Oxford 011B,51.750007,-1.236056
OX4 1DD,Oxford 011B,51.74834,-1.237494
OX4 1DE,Oxford 011B,51.749838,-1.237358
OX4 1DF,Oxford 011B,51.749223,-1.237442
OX4 1DQ,Oxford 011B,51.750807,-1.238139
OX4 1DX,Oxford 011G,51.749795,-1.245095
OX4 1EA,Oxford 011G,51.749681,-1.243781
OX4 1EB,Oxford 011G,51.748096,-1.242189
OX4 1ED,Oxford 011G,51.748213,-1.24233
OX4 1EF,Oxford 011G,51.747577,-1.241616
OX4 1EG,Oxford 011G,51.747061,-1.241249
OX4 1EH,Oxford 011E,51.746075,-1.240455
OX4 1EJ,Oxford 011E,51.744429,-1.240014
OX4 1EL,Oxford 011E,51.744106,-1.23967
OX4 1EN,Oxford 011E,51.743558,-1.239216
OX4 1EP,Oxford 011E,51.742826,-1.238309
OX4 1ER,Oxford 011E,51.74388,-1.238982
OX4 1ET,Oxford 011G,51.746316,-1.239609
OX4 1EU,Oxford 011G,51.747398,-1.237299
OX4 1EW,Oxford 011E,51.743085,-1.238399
OX4 1EX,Oxford 011G,51.746091,-1.239472
OX4 1FA,Oxford 011G,51.749111,-1.242876
OX4 1GA,Oxford 011A,51.749146,-1.231218
OX4 1GB,Oxford 011A,51.748775,-1.230436
OX4 1GD,Oxford 011A,51.748162,-1.231592
OX4 1GE,Oxford 011A,51.747226,-1.232554
OX4 1GS,Oxford 011F,51.746389,-1.234359
OX4 1HP,Oxford 011D,51.749289,-1.241819
OX4 1HR,Oxford 011D,51.748644,-1.239218
OX4 1HU,Oxford 011B,51.748227,-1.237842
OX4 1HZ,Oxford 011G,51.749442,-1.243074
OX4 1JB,Oxford 011G,51.748691,-1.240749
OX4 1JE,Oxford 011G,51.748473,-1.239663
OX4 1JP,Oxford 011B,51.749196,-1.234266
OX4 1JS,Oxford 011G,51.74846,-1.241217
OX4 1JT,Oxford 011G,51.747853,-1.240256
OX4 1JU,Oxford 011G,51.747039,-1.240695
OX4 1JW,Oxford 011D,51.749676,-1.240285
OX4 1LF,Oxford 011G,51.747566,-1.240037
OX4 1LH,Oxford 011A,51.747471,-1.22985
OX4 1LJ,Oxford 011A,51.747424,-1.229339
OX4 1LN,Oxford 011C,51.747854,-1.229368
OX4 1LP,Oxford 011C,51.749168,-1.226324
OX4 1LR,Oxford 011C,51.749641,-1.225103
OX4 1LS,Oxford 011C,51.750332,-1.224991
OX4 1LT,Oxford 011C,51.747333,-1.228869
OX4 1LU,Oxford 011C,51.747057,-1.228292
OX4 1LW,Oxford 011C,51.748139,-1.22772
OX4 1LX,Oxford 011C,51.747551,-1.227404
OX4 1LY,Oxford 011C,51.747138,-1.226091
OX4 1LZ,Oxford 011C,51.75013,-1.225896
OX4 1NA,Oxford 011C,51.749594,-1.22998
OX4 1NB,Oxford 011A,51.749523,-1.231246
OX4 1ND,Oxford 011B,51.749591,-1.234485
OX4 1NE,Oxford 011B,51.750876,-1.23757
OX4 1NF,Oxford 011C,51.750248,-1.226912
OX4 1NG,Oxford 011B,51.750145,-1.22801
OX4 1NH,Oxford 011C,51.74972,-1.227332
OX4 1NJ,Oxford 011C,51.74915,-1.227677
OX4 1NL,Oxford 011A,51.74891,-1.229683
OX4 1NQ,Oxford 011B,51.749934,-1.233911
OX4 1NX,Oxford 011A,51.746626,-1.228089
OX4 1NY,Oxford 011C,51.74852,-1.225546
OX4 1NZ,Oxford 011A,51.746192,-1.228164
OX4 1PA,Oxford 011C,51.74885,-1.224426
OX4 1PD,Oxford 011C,51.747772,-1.220978
OX4 1PE,Oxford 011C,51.748334,-1.222682
OX4 1PN,Oxford 011F,51.746603,-1.23742
OX4 1PU,Oxford 011F,51.744045,-1.234773
OX4 1PX,Oxford 011F,51.74369,-1.233667
OX4 1PY,Oxford 011F,51.744887,-1.235781
OX4 1PZ,Oxford 011F,51.746224,-1.237017
OX4 1QB,Oxford 011F,51.746564,-1.236896
OX4 1QD,Oxford 011F,51.744909,-1.234305
OX4 1QG,Oxford 011G,51.746688,-1.236969
OX4 1QH,Oxford 011F,51.745881,-1.23693
OX4 1QJ,Oxford 011E,51.74466,-1.239605
OX4 1QN,Oxford 011F,51.74557,-1.236965
OX4 1QP,Oxford 011F,51.746704,-1.235248
OX4 1QR,Oxford 011E,51.745829,-1.240128
OX4 1QS,Oxford 011E,51.745457,-1.239845
OX4 1QT,Oxford 011F,51.744827,-1.232366
OX4 1QY,Oxford 011E,51.74247,-1.237324
OX4 1QZ,Oxford 011E,51.74214,-1.237272
OX4 1RB,Oxford 011F,51.742958,-1.234265
OX4 1RE,Oxford 011F,51.741559,-1.236069
OX4 1RG,Oxford 011F,51.742539,-1.234128
OX4 1RL,Oxford 011F,51.743948,-1.231304
OX4 1RP,Oxford 011F,51.743358,-1.233248
OX4 1RQ,Oxford 011F,51.742916,-1.233501
OX4 1RW,Oxford 011F,51.743554,-1.232882
OX4 1SA,Oxford 014A,51.742693,-1.241408
OX4 1SD,Oxford 014A,51.743533,-1.239844
OX4 1SJ,Oxford 014A,51.740707,-1.236245
OX4 1SL,Oxford 014A,51.742202,-1.239865
OX4 1SN,Oxford 014A,51.741743,-1.241072
OX4 1SP,Oxford 014A,51.742402,-1.239978
OX4 1SQ,Oxford 011E,51.742391,-1.237979
OX4 1SS,Oxford 014A,51.74158,-1.241019
OX4 1SU,Oxford 014A,51.740065,-1.240608
OX4 1SW,Oxford 014A,51.742372,-1.240369
OX4 1TA,Oxford 014A,51.740071,-1.236987
OX4 1TD,Oxford 014A,51.739969,-1.237222
OX4 1TL,Oxford 014A,51.743005,-1.241476
OX4 1TQ,Oxford 014B,51.737958,-1.240553
OX4 1UA,Oxford 011D,51.750651,-1.241165
OX4 1UE,Oxford 011G,51.747171,-1.23555
OX4 1UR,Oxford 011F,51.744487,-1.229685
OX4 1XG,Oxford 011A,51.745529,-1.230462
OX4 1XH,Oxford 011B,51.74899,-1.233764
OX4 1XL,Oxford 011A,51.7478,-1.23471
OX4 1XP,Oxford 011A,51.747597,-1.233306
OX4 1XQ,Oxford 011A,51.744959,-1.22921
OX4 1XR,Oxford 011A,51.748478,-1.232175
OX4 1XS,Oxford 011A,51.747831,-1.23383
OX4 1XU,Oxford 011A,51.747017,-1.229008
OX4 1XW,Oxford 011A,51.747502,-1.233947
OX4 1XX,Oxford 011C,51.745744,-1.230117
OX4 1YF,Oxford 011B,51.747736,-1.235252
OX4 1YL,Oxford 011D,51.75067,-1.243694
OX4 2AE,Oxford 019A,51.744109,-1.22763
OX4 2AJ,Oxford 011C,51.744693,-1.228881
OX4 2AL,Oxford 019A,51.743229,-1.226351
OX4 2AN,Oxford 019A,51.743519,-1.225083
OX4 2AQ,Oxford 019A,51.743012,-1.226647
OX4 2AW,Oxford 019A,51.743422,-1.225936
OX4 2BA,Oxford 019A,51.746318,-1.222476
OX4 2BB,Oxford 019A,51.74723,-1.222916
OX4 2BG,Oxford 019A,51.746905,-1.223154
OX4 2BP,Oxford 019A,51.742803,-1.226457
OX4 2BQ,Oxford 019A,51.747495,-1.223245
OX4 2BS,Oxford 019A,51.741794,-1.224689
OX4 2DE,Oxford 019B,51.73855,-1.208897
OX4 2DL,Oxford 019A,51.739752,-1.221674
OX4 2DR,Oxford 019C,51.737758,-1.219416
OX4 2DS,Oxford 019C,51.737154,-1.218662
OX4 2DT,Oxford 019C,51.736808,-1.218327
OX4 2DU,Oxford 019D,51.735616,-1.216595
OX4 2DY,Oxford 019D,51.737968,-1.216686
OX4 2EA,Oxford 019D,51.734931,-1.215265
OX4 2ED,Oxford 019C,51.737133,-1.220424
OX4 2EE,Oxford 019C,51.737281,-1.219618
OX4 2EF,Oxford 019A,51.741473,-1.220011
OX4 2EN,Oxford 019D,51.737913,-1.219137
OX4 2ER,Oxford 019D,51.736506,-1.217034
OX4 2ES,Oxford 019D,51.735627,-1.21554
OX4 2ET,Oxford 019D,51.738318,-1.215712
OX4 2EU,Oxford 019B,51.736651,-1.210683
OX4 2EW,Oxford 019D,51.738024,-1.218585
OX4 2EX,Oxford 019B,51.735772,-1.21154
OX4 2EZ,Oxford 019B,51.736081,-1.211789
OX4 2FA,Oxford 019D,51.73542,-1.213813
OX4 2GX,Oxford 015D,51.729327,-1.209625
OX4 2GY,Oxford 019D,51.736076,-1.216479
OX4 2HB,Oxford 019B,51.737448,-1.21326
OX4 2HD,Oxford 019D,51.738152,-1.215899
OX4 2HE,Oxford 019B,51.735841,-1.211055
OX4 2HH,Oxford 019D,51.738351,-1.21884
OX4 2HS,Oxford 019B,51.737926,-1.212056
OX4 2HW,Oxford 020C,51.733946,-1.205568
OX4 2JS,Oxford 020C,51.734248,-1.201371
OX4 2JX,Oxford 019B,51.738242,-1.20811
OX4 2JY,Oxford 015C,51.728547,-1.205305
OX4 2JZ,Oxford 020C,51.734276,-1.2076
OX4 2LA,Oxford 019D,51.734596,-1.214376
OX4 2LF,Oxford 015B,51.734077,-1.211776
OX4 2LG,Oxford 015C,51.732778,-1.208342
OX4 2NA,Oxford 019B,51.735085,-1.20974
OX4 2NH,Oxford 020C,51.736438,-1.208171
OX4 2NR,Oxford 020C,51.736669,-1.205759
OX4 2NT,Oxford 019B,51.73671,-1.210678
OX4 2NU,Oxford 019B,51.739027,-1.210341
OX4 2NX,Oxford 019B,51.737788,-1.208816
OX4 2NY,Oxford 019B,51.739067,-1.21295
OX4 2NZ,Oxford 019B,51.73871,-1.216209
OX4 2PB,Oxford 019D,51.738511,-1.21603
OX4 2PD,Oxford 019B,51.738096,-1.212041
OX4 2PL,Oxford 019B,51.739076,-1.213189
OX4 2PQ,Oxford 019B,51.740106,-1.21356
OX4 2PW,Oxford 020D,51.73948,-1.199015
OX4 2QA,Oxford 020D,51.740285,-1.203014
OX4 2QE,Oxford 020D,51.739949,-1.203065
OX4 2QG,Oxford 020D,51.739663,-1.203727
OX4 2QH,Oxford 020D,51.739749,-1.20319
OX4 2QT,Oxford 020C,51.737614,-1.199813
OX4 2QW,Oxford 020C,51.738448,-1.201634
OX4 2RA,Oxford 020D,51.738971,-1.197608
OX4 2RU,Oxford 015C,51.730689,-1.208409
OX4 2RX,Oxford 019B,51.73562,-1.2114
OX4 2SF,Oxford 019B,51.738302,-1.20927
OX4 2SU,Oxford 015C,51.731647,-1.207953
OX4 2TF,Oxford 020D,51.737028,-1.19908
OX4 2TG,Oxford 020D,51.736895,-1.199868
OX4 2TQ,Oxford 020D,51.736658,-1.198641
OX4 2UA,Oxford 019B,51.739646,-1.210884
OX4 2UB,Oxford 019B,51.739991,-1.21126
OX4 2WB,Oxford 015C,51.728347,-1.208477
OX4 3AA,Oxford 014C,51.740548,-1.235472
OX4 3AD,Oxford 014C,51.740928,-1.235312
OX4 3AF,Oxford 014C,51.741902,-1.233102
OX4 3AG,Oxford 014C,51.741575,-1.234353
OX4 3AN,Oxford 014C,51.742225,-1.230806
OX4 3AQ,Oxford 014C,51.741936,-1.233526
OX4 3AS,Oxford 014C,51.739997,-1.234573
OX4 3AT,Oxford 014C,51.741214,-1.231874
OX4 3AU,Oxford 014C,51.740963,-1.233097
OX4 3AZ,Oxford 014C,51.740897,-1.231193
OX4 3BD,Oxford 014C,51.742606,-1.227511
OX4 3BE,Oxford 014C,51.739165,-1.234643
OX4 3BG,Oxford 014C,51.740818,-1.230692
OX4 3BS,Oxford 014C,51.744216,-1.230121
OX4 3BT,Oxford 014C,51.743933,-1.229737
OX4 3DL,Oxford 019C,51.739252,-1.226308
OX4 3DN,Oxford 019C,51.737931,-1.224237
OX4 3EG,Oxford 015B,51.736803,-1.218592
OX4 3EH,Oxford 019C,51.736304,-1.217934
OX4 3EJ,Oxford 015B,51.735841,-1.216935
OX4 3EL,Oxford 015B,51.734334,-1.218818
OX4 3EN,Oxford 015B,51.735295,-1.219451
OX4 3EP,Oxford 015B,51.735079,-1.216197
OX4 3EQ,Oxford 015B,51.735428,-1.220826
OX4 3ER,Oxford 015B,51.734744,-1.217278
OX4 3EW,Oxford 015B,51.734372,-1.21829
OX4 3HA,Oxford 015B,51.734794,-1.215448
OX4 3HB,Oxford 015B,51.734177,-1.215229
OX4 3HD,Oxford 015B,51.733986,-1.214733
OX4 3HH,Oxford 015C,51.732425,-1.208629
OX4 3HJ,Oxford 015C,51.732407,-1.20814
OX4 3HL,Oxford 015C,51.729754,-1.210135
OX4 3HN,Oxford 015C,51.731245,-1.21333
OX4 3HP,Oxford 015D,51.729691,-1.210139
OX4 3HS,Oxford 015C,51.731906,-1.213672
OX4 3HT,Oxford 015B,51.732291,-1.213642
OX4 3HU,Oxford 015C,51.731773,-1.21265
OX4 3HW,Oxford 015C,51.730039,-1.210658
OX4 3HX,Oxford 015C,51.730575,-1.209805
OX4 3HY,Oxford 015C,51.730381,-1.210156
OX4 3HZ,Oxford 015C,51.732831,-1.208946
OX4 3JA,Oxford 015B,51.732752,-1.209525
OX4 3JR,Oxford 015A,51.73272,-1.228664
OX4 3JS,Oxford 015A,51.732558,-1.225039
OX4 3JT,Oxford 015D,51.732034,-1.220738
OX4 3JU,Oxford 015B,51.73243,-1.220199
OX4 3JW,Oxford 015B,51.734781,-1.219982
OX4 3JX,Oxford 015A,51.733858,-1.220704
OX4 3JY,Oxford 015A,51.734579,-1.221459
OX4 3LA,Oxford 015B,51.733178,-1.219682
OX4 3LB,Oxford 015B,51.733942,-1.220201
OX4 3LD,Oxford 015B,51.734846,-1.220494
OX4 3LE,Oxford 015B,51.734604,-1.220212
OX4 3LF,Oxford 015D,51.732058,-1.219641
OX4 3LG,Oxford 016C,51.729449,-1.218945
OX4 3LH,Oxford 015D,51.729627,-1.217233
OX4 3LJ,Oxford 015D,51.730147,-1.218054
OX4 3LL,Oxford 015D,51.731448,-1.218219
OX4 3LN,Oxford 015D,51.729979,-1.218821
OX4 3LQ,Oxford 015D,51.729249,-1.217735
OX4 3LW,Oxford 015D,51.731198,-1.217829
OX4 3LX,Oxford 015B,51.732715,-1.213476
OX4 3ND,Oxford 015A,51.731534,-1.225309
OX4 3NH,Oxford 015A,51.734909,-1.228978
OX4 3NJ,Oxford 015A,51.734658,-1.230074
OX4 3NL,Oxford 015A,51.735172,-1.227718
OX4 3NN,Oxford 015A,51.734918,-1.228233
OX4 3NP,Oxford 015A,51.735023,-1.221899
OX4 3NR,Oxford 015A,51.735255,-1.228458
OX4 3NS,Oxford 015A,51.735221,-1.228977
OX4 3NT,Oxford 015A,51.73487,-1.22844
OX4 3NU,Oxford 015A,51.733425,-1.225873
OX4 3NW,Oxford 015A,51.734632,-1.223584
OX4 3NX,Oxford 015A,51.733128,-1.225925
OX4 3NY,Oxford 015A,51.733898,-1.225807
OX4 3NZ,Oxford 015A,51.734183,-1.225801
OX4 3PA,Oxford 015A,51.73414,-1.224905
OX4 3PB,Oxford 015A,51.734277,-1.221152
OX4 3PD,Oxford 015A,51.734588,-1.223487
OX4 3PE,Oxford 015A,51.733353,-1.223084
OX4 3PF,Oxford 015A,51.73346,-1.220432
OX4 3PG,Oxford 015A,51.733102,-1.225007
OX4 3PH,Oxford 015A,51.733677,-1.225009
OX4 3PJ,Oxford 015A,51.734599,-1.224934
OX4 3PL,Oxford 015A,51.732657,-1.22596
OX4 3PN,Oxford 015A,51.733466,-1.225785
OX4 3PP,Oxford 015B,51.733822,-1.213076
OX4 3PQ,Oxford 015A,51.73288,-1.225155
OX4 3PW,Oxford 015A,51.734622,-1.22565
OX4 3QA,Oxford 016D,51.727573,-1.217651
OX4 3QB,Oxford 016D,51.727233,-1.216129
OX4 3QF,Oxford 016D,51.726792,-1.21663
OX4 3QG,Oxford 016C,51.728046,-1.216553
OX4 3QH,Oxford 015D,51.728139,-1.213501
OX4 3QJ,Oxford 015D,51.728231,-1.211571
OX4 3QL,Oxford 015D,51.728772,-1.21817
OX4 3QN,Oxford 015D,51.728474,-1.21401
OX4 3QP,Oxford 015D,51.728571,-1.213389
OX4 3QQ,Oxford 015D,51.728433,-1.217495
OX4 3QR,Oxford 015D,51.728395,-1.212131
OX4 3QS,Oxford 015D,51.729066,-1.214613
OX4 3QT,Oxford 015D,51.730452,-1.215529
OX4 3QU,Oxford 015D,51.729706,-1.21551
OX4 3QW,Oxford 015D,51.728594,-1.21124
OX4 3QX,Oxford 015D,51.728584,-1.21421
OX4 3QY,Oxford 015D,51.725433,-1.210047
OX4 3QZ,Oxford 015D,51.72771,-1.210081
OX4 3RA,Oxford 015D,51.729169,-1.211519
OX4 3RB,Oxford 015C,51.730581,-1.214291
OX4 3RD,Oxford 015D,51.726251,-1.209611
OX4 3RE,Oxford 015C,51.7283,-1.209669
OX4 3RF,Oxford 015D,51.729278,-1.211029
OX4 3RG,Oxford 015C,51.730818,-1.213704
OX4 3RH,Oxford 015C,51.727552,-1.208551
OX4 3RJ,Oxford 015C,51.726664,-1.20855
OX4 3RN,Oxford 015D,51.728078,-1.21164
OX4 3RQ,Oxford 015C,51.731118,-1.21396
OX4 3RW,Oxford 015C,51.732271,-1.214257
OX4 3RZ,Oxford 015F,51.729918,-1.221563
OX4 3SA,Oxford 015F,51.72948,-1.22154
OX4 3SB,Oxford 015F,51.729347,-1.21982
OX4 3SD,Oxford 015F,51.729499,-1.22043
OX4 3SE,Oxford 015F,51.731696,-1.221509
OX4 3SF,Oxford 015F,51.729868,-1.22151
OX4 3SG,Oxford 015F,51.732022,-1.221136
OX4 3SH,Oxford 016C,51.728785,-1.221825
OX4 3SJ,Oxford 016C,51.728366,-1.219564
OX4 3SL,Oxford 016C,51.727613,-1.222819
OX4 3SN,Oxford 016C,51.726686,-1.222165
OX4 3SP,Oxford 016C,51.727549,-1.219384
OX4 3SQ,Oxford 016C,51.728305,-1.219993
OX4 3SR,Oxford 016C,51.727904,-1.220076
OX4 3SS,Oxford 016C,51.728357,-1.218378
OX4 3ST,Oxford 016C,51.729739,-1.218494
OX4 3SU,Oxford 016C,51.728762,-1.218957
OX4 3SW,Oxford 016C,51.727427,-1.220171
OX4 3SX,Oxford 016C,51.728891,-1.218944
OX4 3TA,Oxford 016C,51.727196,-1.222708
OX4 3TH,Oxford 016C,51.725866,-1.219737
OX4 3TJ,Oxford 016D,51.725968,-1.219245
OX4 3TL,Oxford 016D,51.726657,-1.218926
OX4 3TN,Oxford 016D,51.725348,-1.218541
OX4 3TR,Oxford 016D,51.725219,-1.216604
OX4 3TS,Oxford 016D,51.726275,-1.217483
OX4 3TT,Oxford 016D,51.725116,-1.213724
OX4 3TU,Oxford 016D,51.724879,-1.213375
OX4 3TW,Oxford 016D,51.724953,-1.219106
OX4 3TX,Oxford 016D,51.725839,-1.213181
OX4 3TY,Oxford 016D,51.725433,-1.212966
OX4 3TZ,Oxford 016D,51.727193,-1.212289
OX4 3UA,Oxford 016D,51.726278,-1.216945
OX4 3UB,Oxford 016D,51.726662,-1.217596
OX4 3UD,Oxford 016D,51.726547,-1.218251
OX4 3UE,Oxford 016C,51.725085,-1.221759
OX4 3UJ,Oxford 016C,51.725593,-1.222853
OX4 3UU,Oxford 015D,51.730927,-1.214843
OX4 3UZ,Oxford 015B,51.733742,-1.218252
OX4 3YJ,Oxford 015C,51.730583,-1.214811
OX4 4AA,Oxford 014A,51.740031,-1.236226
OX4 4AE,Oxford 014A,51.73926,-1.235624
OX4 4AG,Oxford 014B,51.739033,-1.234809
OX4 4AJ,Oxford 014B,51.738898,-1.233899
OX4 4AL,Oxford 014B,51.738614,-1.23171
OX4 4AN,Oxford 014B,51.738309,-1.231772
OX4 4AP,Oxford 014B,51.73907,-1.233509
OX4 4AQ,Oxford 014A,51.739768,-1.2353
OX4 4AR,Oxford 014B,51.739357,-1.232715
OX4 4AS,Oxford 015E,51.73503,-1.234927
OX4 4AT,Oxford 014B,51.735645,-1.233585
OX4 4AU,Oxford 014B,51.737359,-1.234478
OX4 4AW,Oxford 014B,51.738699,-1.231098
OX4 4AX,Oxford 014B,51.737158,-1.237912
OX4 4AY,Oxford 014B,51.736353,-1.239998
OX4 4AZ,Oxford 014B,51.7377,-1.235148
OX4 4BA,Oxford 014B,51.736758,-1.237957
OX4 4BB,Oxford 014B,51.737046,-1.236322
OX4 4BG,Oxford 014B,51.737436,-1.239844
OX4 4BJ,Oxford 014B,51.737699,-1.240572
OX4 4BL,Oxford 014B,51.735483,-1.240138
OX4 4BZ,Oxford 014B,51.737853,-1.232603
OX4 4DH,Oxford 015A,51.735637,-1.231801
OX4 4DJ,Oxford 015E,51.73481,-1.231939
OX4 4DN,Oxford 015E,51.732021,-1.230115
OX4 4DS,Oxford 015E,51.731513,-1.231111
OX4 4DT,Oxford 015E,51.731134,-1.231936
OX4 4DU,Oxford 015E,51.734469,-1.232263
OX4 4DY,Oxford 015E,51.732623,-1.232735
OX4 4EB,Oxford 015E,51.732083,-1.234008
OX4 4ED,Oxford 015E,51.733933,-1.237506
OX4 4EF,Oxford 015E,51.731823,-1.235446
OX4 4EG,Oxford 015E,51.727847,-1.238001
OX4 4EH,Oxford 015E,51.727008,-1.236862
OX4 4EJ,Oxford 015E,51.728742,-1.239149
OX4 4EN,Oxford 015E,51.730824,-1.235518
OX4 4ER,Oxford 015E,51.73105,-1.234725
OX4 4ET,Oxford 015E,51.729519,-1.237098
OX4 4EU,Oxford 015E,51.728839,-1.231454
OX4 4EY,Oxford 015E,51.731054,-1.234238
OX4 4FG,Oxford 016F,51.724684,-1.237393
OX4 4FW,Oxford 016A,51.719887,-1.227109
OX4 4GN,Oxford 016F,51.724472,-1.229262
OX4 4GQ,Oxford 016A,51.719753,-1.213717
OX4 4HB,Oxford 015E,51.731697,-1.235986
OX4 4HJ,Oxford 015F,51.72802,-1.223756
OX4 4HN,Oxford 015E,51.732339,-1.229264
OX4 4HP,Oxford 015F,51.730369,-1.225959
OX4 4HS,Oxford 015F,51.732152,-1.228918
OX4 4HT,Oxford 015F,51.727658,-1.224119
OX4 4JP,Oxford 015F,51.73198,-1.227314
OX4 4JR,Oxford 015F,51.730463,-1.225273
OX4 4LQ,Oxford 016B,51.722313,-1.220658
OX4 4PU,Oxford 016A,51.720646,-1.225368
OX4 4QB,Oxford 016B,51.720818,-1.226746
OX4 4QD,Oxford 016B,51.721899,-1.22798
OX4 4QE,Oxford 016B,51.722212,-1.227029
OX4 4QG,Oxford 016A,51.719619,-1.224463
OX4 4QH,Oxford 016B,51.721171,-1.228783
OX4 4QJ,Oxford 016B,51.722143,-1.229022
OX4 4QN,Oxford 016B,51.720391,-1.230565
OX4 4QP,Oxford 016C,51.725591,-1.223317
OX4 4QS,Oxford 016C,51.726261,-1.22303
OX4 4QW,Oxford 016B,51.717345,-1.222304
OX4 4QX,Oxford 016A,51.720697,-1.223658
OX4 4RH,Oxford 016E,51.724661,-1.226242
OX4 4RJ,Oxford 016E,51.724486,-1.227092
OX4 4RN,Oxford 016E,51.72477,-1.225286
OX4 4RW,Oxford 016E,51.724137,-1.227453
OX4 4SA,Oxford 016F,51.723803,-1.230161
OX4 4SB,Oxford 016F,51.72408,-1.229973
OX4 4SN,Oxford 016E,51.72704,-1.225139
OX4 4TD,Oxford 016F,51.726339,-1.235736
OX4 4TG,Oxford 016F,51.723576,-1.234617
OX4 4TQ,Oxford 016F,51.723102,-1.234113
OX4 4TS,Oxford 016F,51.722925,-1.233872
OX4 4TT,Oxford 016F,51.722891,-1.232049
OX4 4TX,Oxford 016E,51.72384,-1.228804
OX4 4UE,Oxford 016F,51.724012,-1.236452
OX4 4UF,Oxford 016F,51.725385,-1.238139
OX4 4UG,Oxford 016F,51.726467,-1.236501
OX4 4UL,Oxford 016F,51.724919,-1.236553
OX4 4UP,Oxford 015E,51.725389,-1.238587
OX4 4US,Oxford 016F,51.72351,-1.236697
OX4 4XG,Oxford 016B,51.717966,-1.224705
OX4 4XX,,51.717593,-1.231725
OX4 4XZ,,51.710736,-1.231356
